,ticketid
1,363540
7,363924
32,363841
38,363804
40,363802
45,364013
48,363845
63,359065
77,363288
80,363763
88,363427
91,363732
97,362781
100,363155
102,362674
103,363145
104,363141
105,362762
109,363126
111,363119
113,363114
116,363109
121,363092
126,363079
127,362581
134,363055
135,363052
137,363041
140,363021
141,363014
146,362973
152,362956
153,362953
155,362951
161,362911
162,362682
165,362184
166,362670
169,362661
170,362636
171,362629
172,362626
173,362623
174,362619
175,362611
177,362595
178,360955
182,362573
183,362570
185,362563
186,362562
188,362559
189,362095
192,362555
193,362547
194,362546
198,362061
207,362353
212,361878
213,361823
216,361719
220,361699
226,361672
244,361608
251,361570
257,361497
258,361454
267,361766
270,361762
275,361744
276,361742
279,361654
282,361552
283,361460
286,361538
287,361537
288,340875
294,361105
298,361203
299,361292
305,361491
306,361487
308,361340
309,361336
311,361313
313,361258
315,361243
316,356209
318,361224
324,361193
326,361180
328,359997
331,360137
334,361113
335,360464
336,361098
338,360895
339,360885
340,360853
345,359410
347,359362
348,354911
349,359344
351,359322
353,350308
354,360201
355,359287
361,360604
364,355217
366,360452
368,360337
378,357841
379,357591
380,357568
381,357563
384,359630
386,355266
391,359568
392,358292
394,359608
397,359812
398,359801
399,359714
400,359349
401,356945
402,356569
403,354777
404,354575
405,354569
406,354479
407,351060
408,354961
409,358135
414,359483
415,349892
418,359262
419,359131
421,359253
422,359472
426,358331
429,358874
430,356944
431,352133
432,357203
433,356781
434,349261
436,358905
437,358661
438,359010
439,358154
441,358649
442,358235
443,358659
445,358078
446,352221
448,358028
449,358181
452,358684
454,358297
456,358543
457,358534
458,358533
461,358212
462,358529
463,358523
464,358521
466,358499
467,358493
468,358258
469,358456
470,358454
471,358452
472,358447
474,358248
475,358420
476,358416
477,358404
478,358386
481,358374
482,358373
483,358368
484,358367
491,358188
492,358187
500,358167
504,357989
506,357909
507,357502
508,352699
509,357809
511,357802
519,357776
524,357664
526,357640
531,357635
532,357618
535,357600
536,357617
538,357606
539,357607
540,357608
547,357700
549,357651
551,357698
555,357586
560,357571
562,354192
564,357554
576,357405
577,357207
586,357351
588,357346
589,357344
590,357345
592,357323
595,357249
596,357254
598,356872
600,357231
603,357215
605,357209
610,357229
611,357225
612,357226
613,357227
614,357228
618,357223
622,355803
623,356549
624,357065
626,357060
627,355357
628,357016
630,357049
638,357027
639,357026
642,357018
644,357017
646,356672
648,357003
649,356670
650,356487
651,357001
655,356643
656,356648
658,356635
662,356970
664,356958
665,356959
669,356942
672,356926
673,356920
677,356465
680,356404
682,356398
687,356723
693,356366
694,356374
697,356432
698,356361
700,356694
703,356423
709,356603
711,356612
712,356611
713,356610
716,356605
718,356597
722,356583
729,356051
731,355965
737,355953
742,356002
743,356000
745,356350
746,356346
749,356337
750,356336
754,356324
755,356320
758,355205
773,356225
778,355656
779,355984
780,355980
781,355644
784,355918
785,355642
786,355640
789,355629
790,355630
797,355674
798,355675
800,355933
802,355663
803,355669
807,355922
809,355914
813,355331
815,355893
816,355891
818,355888
819,355878
825,355848
842,355110
846,355101
853,355071
859,355058
860,355054
863,355049
864,355047
865,355042
866,355041
870,355011
873,355016
875,355013
876,355006
877,354999
878,354994
880,354987
883,354978
886,354963
887,354960
889,354958
890,354951
892,354944
896,354930
898,354926
900,354924
901,354917
907,354834
909,354832
910,354831
911,354821
917,354812
920,354798
921,354796
922,354794
923,354793
926,354787
929,354667
932,354767
936,354755
938,354751
940,354747
943,354744
944,354735
947,353463
949,354713
950,354712
953,354691
954,354690
956,354680
957,354677
958,354664
965,354648
968,354636
969,354634
973,354618
974,354621
975,354619
976,354617
979,354493
981,348317
984,354470
985,354408
986,354466
990,354457
993,354451
995,354441
998,354437
999,353588
1002,354424
1004,354419
1005,354417
1006,354413
1007,354409
1010,354402
1011,354398
1013,354391
1016,354378
1019,354373
1020,354370
1021,354367
1022,354364
1024,354354
1027,354349
1028,354347
1030,354337
1031,354331
1033,354324
1036,354292
1039,354307
1043,354145
1050,354135
1051,354134
1052,354133
1053,354132
1054,354131
1058,354124
1061,354046
1062,354099
1063,354098
1065,354091
1067,354083
1070,354078
1072,354074
1077,354059
1078,354057
1082,354047
1083,354043
1086,354022
1088,354011
1091,354003
1095,353998
1097,353996
1104,353973
1107,353970
1108,353963
1109,353954
1114,353945
1119,353724
1122,353720
1123,353711
1126,353706
1129,353697
1130,353694
1141,353650
1143,353644
1145,353633
1148,353625
1150,353390
1151,353389
1152,353387
1165,353367
1166,353365
1171,353359
1173,353357
1175,353353
1193,353326
1202,353317
1204,353315
1209,353309
1218,353298
1226,353289
1232,353277
1237,353170
1241,353260
1243,353258
1259,353227
1271,353160
1277,352942
1288,353025
1290,353116
1294,352907
1297,353106
1301,353103
1305,353093
1309,353086
1314,353066
1315,353063
1323,353044
1327,352964
1332,352905
1335,352886
1338,352875
1339,352872
1342,352866
1343,352864
1355,352829
1356,352828
1357,352825
1359,352822
1363,352808
1367,352801
1368,352800
1372,352795
1373,352793
1375,352791
1376,352789
1385,352769
1386,352768
1391,352585
1396,352581
1397,352569
1399,352574
1401,352570
1408,352549
1409,352543
1410,352542
1412,352539
1413,352538
1417,352524
1418,352521
1423,352504
1426,352478
1428,352491
1434,352465
1442,352448
1443,352444
1444,352443
1452,352421
1453,352416
1459,352404
1465,352383
1467,352378
1470,352212
1473,352209
1480,352200
1498,352155
1507,352117
1509,352061
1511,351794
1512,351793
1513,351792
1514,351790
1515,351789
1516,351786
1517,351785
1518,351784
1519,351781
1520,351780
1522,351777
1526,351765
1527,351763
1529,351761
1531,351758
1532,351751
1534,351725
1535,351711
1537,351701
1539,351696
1540,351648
1543,351689
1545,351680
1546,351677
1549,351668
1550,351665
1551,351652
1552,351651
1553,351649
1554,351646
1555,351644
1556,351643
1558,351641
1560,351629
1562,351609
1563,351602
1564,351594
1566,351584
1568,351406
1569,351404
1571,351353
1573,351338
1575,351313
1576,351301
1577,351299
1578,351271
1581,351243
1582,351238
1583,351228
1584,351224
1585,351219
1587,351207
1588,351193
1589,351189
1593,351134
1596,351124
1603,349401
1605,351099
1607,351093
1608,351091
1609,351089
1611,342374
1614,351069
1615,351068
1616,351066
1618,351057
1620,350153
1622,351011
1624,350932
1625,350961
1628,350806
1629,350972
1632,350832
1633,350941
1634,350964
1635,350856
1637,350835
1638,350812
1639,350810
1640,350709
1642,350731
1643,350800
1644,350730
1646,350727
1647,350768
1649,350697
1650,350690
1653,350637
1654,350459
1655,350450
1656,350437
1657,350432
1658,350431
1659,350420
1660,350415
1662,350397
1663,350396
1664,350378
1665,350374
1666,350391
1667,350354
1669,350315
1670,350293
1672,350279
1673,350273
1674,350258
1675,350257
1676,350255
1677,350253
1678,350250
1679,350248
1680,350240
1681,350085
1682,350072
1684,350065
1685,350055
1686,350054
1687,350052
1688,350045
1689,350043
1690,350035
1691,350022
1692,350021
1693,350000
1694,350014
1695,350009
1696,350006
1697,350003
1698,349992
1699,349991
1700,349989
1701,349985
1702,349983
1703,349974
1704,349968
1705,349964
1707,349959
1708,349957
1709,349942
1710,349938
1711,349927
1712,349925
1713,349913
1714,349908
1715,349893
1716,349877
1718,349870
1720,349700
1721,349699
1722,349698
1723,349696
1725,349686
1726,349682
1727,349681
1728,349644
1729,349643
1730,349640
1731,349639
1732,349635
1733,349631
1734,349629
1735,349624
1736,349620
1737,349609
1738,349600
1740,349575
1741,349566
1742,349562
1743,349553
1745,349535
1746,349506
1747,349504
1748,349477
1749,349285
1750,349283
1752,349275
1753,349274
1754,349273
1755,349262
1756,349253
1757,349251
1758,349248
1759,349246
1760,349243
1761,349241
1762,349223
1763,349225
1764,349209
1765,349207
1766,349202
1767,349203
1768,349195
1770,349189
1771,349188
1772,349187
1773,349186
1774,349183
1775,349182
1776,349179
1777,349177
1778,349171
1779,349170
1780,349168
1781,349167
1782,349160
1783,349164
1784,349156
1786,349154
1787,349139
1788,349143
1789,349133
1790,349118
1791,349132
1792,349131
1793,349129
1794,349127
1795,349126
1796,349123
1797,349117
1798,349115
1799,349113
1800,349112
1801,349109
1802,349105
1803,349085
1804,349096
1805,349084
1806,349093
1807,349092
1808,349071
1809,349078
1810,349076
1811,349072
1812,349070
1814,348969
1815,348968
1817,348961
1819,341862
1820,348952
1821,348951
1823,348941
1824,348937
1825,346050
1826,340816
1827,348924
1829,348919
1831,348906
1832,347781
1833,348890
1836,348879
1837,348878
1838,348877
1839,348876
1840,348875
1841,348874
1842,344660
1843,348872
1844,348809
1845,348804
1846,348803
1847,348798
1848,348789
1849,348788
1850,348656
1851,348786
1852,348785
1853,348784
1854,348783
1855,348778
1857,348772
1859,348766
1860,348764
1861,348763
1862,348762
1863,348761
1864,348760
1865,348759
1866,348757
1868,348755
1869,348753
1870,348751
1871,348628
1872,348555
1873,348747
1874,348547
1878,348648
1879,348660
1880,348585
1881,348571
1882,348567
1883,348542
1884,348529
1885,348528
1886,348526
1887,348525
1888,348523
1889,348515
1890,348514
1891,348513
1892,348512
1893,348509
1894,348508
1895,348507
1896,348505
1897,348504
1898,348500
1899,348499
1900,348496
1901,348495
1902,348492
1903,348489
1904,348488
1905,348487
1906,348480
1907,348479
1908,348476
1909,348475
1910,348471
1911,348470
1912,348466
1913,348465
1914,348463
1915,348462
1916,348460
1917,348459
1918,348458
1919,348454
1920,348453
1921,348450
1922,348448
1923,348446
1924,348445
1925,348442
1926,348441
1927,348438
1928,348435
1929,348432
1930,348431
1931,348427
1932,348426
1933,348422
1934,348421
1935,348409
1936,348414
1937,348413
1938,348410
1939,348404
1940,348401
1941,348400
1942,348398
1943,348397
1944,348396
1945,348395
1946,348394
1947,348393
1949,348120
1950,348116
1951,348113
1952,348105
1953,348093
1954,348089
1955,348087
1956,348086
1957,348085
1958,348084
1959,348080
1960,348075
1961,348074
1962,348073
1963,348070
1964,348066
1965,348055
1966,348054
1968,348051
1969,348049
1970,348048
1971,348044
1972,348041
1973,348037
1974,348031
1975,348027
1976,348022
1977,348019
1978,348017
1979,348016
1980,348015
1981,348014
1982,348010
1983,348007
1984,348003
1985,348002
1986,348000
1987,347999
1988,347995
1989,347990
1991,347981
1992,347980
1993,347978
1994,347971
1995,347918
1997,345510
1999,347466
2000,347960
2001,347959
2002,325715
2003,347469
2004,347556
2005,347555
2007,334340
2008,347308
2009,347949
2010,347948
2011,344784
2012,347541
2013,347945
2014,343923
2015,347601
2017,347940
2018,347316
2019,347061
2020,347937
2021,347345
2022,343196
2023,347600
2024,343830
2025,344588
2026,311605
2027,347934
2029,347284
2030,347540
2031,347931
2032,347927
2033,347923
2034,347812
2035,347467
2036,347533
2037,347531
2038,347529
2040,345898
2041,345004
2042,347915
2043,347326
2044,347912
2046,347527
2047,347526
2048,347521
2049,347520
2050,347450
2051,347910
2052,343090
2053,347908
2054,347907
2055,347906
2056,347460
2057,347668
2058,347515
2060,347510
2061,347509
2062,347099
2063,347483
2064,347899
2065,347897
2066,347896
2067,347893
2068,347501
2069,347505
2070,347507
2071,347499
2072,347888
2073,347887
2074,347886
2075,347885
2076,341756
2077,346674
2078,347458
2079,347456
2080,332432
2081,347866
2082,344840
2083,347872
2084,347871
2086,347101
2087,347178
2088,345996
2089,347455
2090,347321
2091,346004
2092,347157
2093,346011
2094,347850
2095,345968
2096,343991
2097,347856
2098,347604
2099,347512
2100,346082
2101,347844
2102,347019
2103,347039
2104,347840
2105,347829
2106,347830
2107,346684
2108,341351
2109,339896
2110,347827
2111,347824
2112,347819
2113,346256
2114,347805
2115,322059
2116,347808
2117,347280
2119,347802
2120,344902
2121,346828
2122,347796
2123,347359
2124,347793
2125,347790
2126,347788
2127,347784
2128,347782
2129,341909
2130,347394
2131,343729
2132,347780
2134,343109
2135,347774
2136,347765
2137,347764
2138,346848
2139,343912
2140,343492
2141,346070
2142,347751
2143,346745
2144,346576
2145,347760
2147,347757
2148,347756
2150,347468
2151,346811
2153,347754
2154,347753
2155,346451
2157,346074
2159,347429
2160,347724
2161,347748
2162,347747
2163,346237
2164,345069
2165,347159
2166,344499
2167,306078
2168,345056
2169,347623
2170,347744
2171,347426
2173,342999
2174,347736
2175,347735
2176,347392
2177,347727
2178,347726
2179,347723
2180,342811
2181,347722
2182,347719
2183,347718
2184,347717
2185,347716
2186,347712
2187,347708
2188,347707
2189,347706
2190,346849
2191,347701
2192,340280
2193,344519
2194,347699
2195,347697
2196,347695
2197,337644
2198,347694
2199,347693
2200,340347
2201,347692
2202,347691
2203,347690
2204,347627
2205,347626
2206,347625
2208,347619
2209,347612
2210,347609
2211,347606
2212,347603
2213,347598
2214,347596
2215,347595
2216,347593
2218,347590
2219,347589
2220,347588
2221,347584
2222,347579
2223,347577
2224,347575
2225,347572
2226,347569
2227,347568
2228,337454
2229,339313
2230,347344
2232,345076
2233,346066
2234,347268
2235,346924
2236,346279
2237,331617
2239,347378
2240,346248
2241,337957
2242,342574
2243,312517
2245,346439
2247,346181
2248,273452
2250,347259
2251,346705
2252,346357
2253,344460
2254,347414
2255,347309
2256,347410
2257,347408
2259,347405
2260,347404
2261,346185
2262,346757
2264,344179
2265,347398
2266,346266
2267,338771
2268,347396
2269,346048
2270,347393
2271,324194
2272,347390
2273,344203
2274,347385
2275,347384
2276,347383
2277,347380
2278,346720
2280,347375
2281,346037
2282,346039
2283,343581
2284,347368
2285,346729
2286,347362
2287,341621
2288,347357
2289,345918
2290,347338
2291,346728
2292,347354
2293,347349
2294,347343
2295,347342
2296,347341
2297,347340
2298,344643
2299,347337
2300,347335
2301,347329
2302,347323
2303,347322
2306,347315
2307,346968
2308,346290
2309,347298
2310,347299
2311,347293
2312,347294
2313,347291
2314,347290
2316,344596
2317,346253
2318,347286
2319,347285
2320,346098
2321,347283
2322,347281
2323,347277
2324,347274
2325,346244
2327,346143
2328,333842
2329,336941
2330,347224
2331,347223
2332,347218
2333,347217
2334,347213
2335,346112
2336,344503
2337,346624
2338,347183
2339,308021
2341,338860
2342,344419
2343,343946
2344,343341
2345,346704
2346,346085
2347,346054
2348,347151
2349,347139
2350,346867
2351,344616
2352,340902
2353,338055
2354,338050
2355,337761
2356,337652
2357,337515
2358,336472
2359,337372
2361,345418
2362,345411
2363,347106
2365,344389
2366,345721
2367,346898
2368,342510
2369,343318
2371,346034
2372,345612
2373,339901
2374,346879
2375,327616
2376,337846
2379,337286
2380,334430
2381,345682
2382,345790
2383,345649
2384,346845
2386,346288
2387,331235
2388,344489
2390,344193
2391,344222
2392,345985
2393,338669
2395,337495
2396,337476
2397,336841
2398,336879
2399,336842
2400,345872
2401,332716
2402,339135
2403,342600
2404,328997
2405,335302
2406,327247
2407,335183
2408,326280
2409,340323
2410,345754
2411,345953
2412,341320
2413,345886
2414,333807
2415,343882
2416,346021
2418,346016
2419,345720
2420,336040
2421,343543
2423,343455
2424,345887
2425,344813
2426,345983
2427,345992
2428,343789
2429,345730
2431,345726
2432,330118
2433,342283
2434,345711
2435,345774
2436,344020
2437,345804
2438,345762
2439,345101
2440,345961
2443,345668
2444,345965
2445,345693
2446,336778
2447,338121
2448,345663
2450,345938
2451,345759
2452,345619
2453,338319
2454,338299
2455,338104
2456,345829
2457,337264
2458,337213
2459,337182
2460,321297
2461,337076
2462,337073
2463,336659
2464,345921
2465,336303
2467,345346
2468,346459
2469,345637
2470,328393
2471,346045
2472,345881
2473,343824
2474,343815
2476,339647
2477,343788
2478,343587
2479,343566
2481,340786
2482,345614
2484,343378
2485,345665
2486,343122
2487,345713
2488,345725
2489,345567
2490,345695
2491,342822
2492,343256
2493,343209
2494,342803
2495,345077
2496,345901
2497,340995
2498,345440
2499,345530
2500,340859
2501,345111
2502,339645
2503,345584
2504,345599
2505,339658
2506,338991
2507,338923
2508,344688
2509,337396
2510,344665
2511,336233
2512,345503
2513,342631
2514,327456
2515,317907
2516,345366
2518,345048
2520,344971
2521,344850
2522,340717
2523,344491
2524,345049
2525,345472
2526,345057
2527,345050
2528,344861
2529,344778
2530,319248
2531,344869
2532,344806
2533,336216
2534,316722
2535,344883
2536,341823
2537,345506
2538,344495
2539,344907
2540,339243
2541,344252
2542,345539
2543,335418
2544,335347
2545,340474
2546,343322
2548,341600
2549,345062
2550,345223
2551,345453
2552,345442
2553,344877
2554,345343
2555,345342
2556,345341
2557,345331
2559,345291
2560,345290
2561,345285
2562,345275
2563,345266
2564,345264
2565,345265
2566,345263
2567,345248
2568,345242
2569,345239
2570,345234
2571,345227
2572,345220
2573,345134
2574,345132
2575,344558
2576,344552
2577,343327
2578,344548
2579,343433
2580,344330
2581,344333
2582,344331
2583,344327
2584,344322
2585,344257
2586,344253
2587,344247
2588,344870
2589,338836
2590,343580
2591,344862
2592,344860
2593,344858
2594,344857
2595,344318
2596,344245
2598,343490
2599,341308
2600,343892
2601,343175
2602,342193
2603,344235
2604,344234
2605,344232
2606,344233
2607,344228
2608,344230
2609,334707
2610,341926
2611,344221
2612,344302
2613,344303
2614,334385
2615,344218
2616,344297
2617,344294
2618,343211
2619,344810
2620,344809
2621,344286
2622,344285
2623,344283
2624,344794
2625,340224
2626,344273
2627,332056
2628,344772
2629,341833
2630,344759
2631,336785
2632,344167
2633,344166
2634,344174
2635,343759
2636,312483
2637,343293
2638,337902
2639,341887
2640,344154
2641,344163
2642,343524
2643,343454
2644,343340
2645,344730
2646,344723
2647,344149
2648,343302
2649,344139
2650,344136
2651,339260
2652,344134
2653,344131
2654,344128
2655,344697
2656,337293
2657,305919
2658,344121
2659,344117
2660,344116
2661,344119
2662,307198
2664,343553
2665,343744
2666,344106
2668,291650
2669,343725
2670,330839
2671,296691
2672,343685
2673,344101
2674,344097
2675,344100
2676,344092
2677,344434
2678,344653
2679,344642
2680,344090
2681,344083
2682,344082
2683,344620
2684,344068
2685,344064
2686,340981
2687,344055
2688,344610
2689,343658
2690,344046
2691,308867
2692,344040
2693,344035
2694,343897
2695,344033
2696,344031
2697,344032
2698,344026
2699,344025
2700,344024
2701,343401
2702,341902
2703,325012
2704,344016
2705,344015
2706,344014
2707,315783
2708,342729
2709,344008
2710,344006
2711,307149
2712,343803
2713,337249
2714,337586
2715,344002
2716,344001
2717,341809
2718,324514
2719,344508
2720,344506
2721,343863
2722,344500
2723,343436
2724,337442
2725,344488
2726,344470
2727,344450
2729,344482
2730,344476
2731,334070
2732,331112
2733,336637
2734,334933
2735,344452
2736,344451
2737,344443
2738,344439
2739,344437
2740,336171
2741,344416
2742,344415
2743,344414
2744,344402
2745,344400
2746,344399
2747,344395
2748,344391
2749,331093
2750,344386
2751,344383
2752,344380
2753,344375
2754,344370
2755,344368
2756,344363
2757,344362
2758,344358
2759,344356
2760,344355
2761,343992
2762,343996
2763,343995
2764,343976
2765,343982
2766,343977
2767,343975
2768,343986
2769,343984
2770,343983
2771,343970
2772,343959
2774,343974
2775,343960
2776,343971
2777,343956
2778,343951
2779,343947
2780,343953
2781,343942
2782,343940
2783,343931
2784,343937
2785,343934
2786,343933
2787,343938
2788,343935
2789,343918
2790,343917
2791,343922
2792,343915
2793,343914
2794,343896
2795,344353
2796,344352
2797,344351
2798,344344
2799,344341
2802,343735
2803,343697
2804,343668
2807,329918
2809,336221
2810,343608
2811,343595
2812,340094
2813,342749
2814,329302
2815,344056
2816,343159
2817,343149
2818,343139
2819,338607
2820,330903
2821,343138
2822,343128
2823,328818
2824,343180
2825,343179
2827,343176
2828,338869
2829,338862
2830,343261
2831,343249
2832,343364
2833,342975
2834,343069
2835,342846
2837,343296
2838,343294
2839,342364
2844,341168
2845,342812
2846,342265
2847,342534
2848,342578
2849,342518
2850,340628
2852,342736
2853,341649
2854,342668
2855,342346
2856,332496
2857,342650
2858,342761
2860,342721
2861,340088
2862,342571
2865,339057
2867,340436
2868,342180
2869,335090
2872,342247
2873,342595
2874,325854
2875,342644
2876,340907
2878,343396
2879,331430
2880,336528
2881,340001
2882,342460
2883,342029
2884,284061
2886,342508
2887,342507
2888,339231
2889,340308
2891,338795
2892,341766
2893,342748
2894,327882
2895,341590
2896,308640
2897,341455
2899,339908
2900,341866
2902,333183
2903,339520
2904,334293
2905,341229
2906,337484
2907,339063
2908,338034
2910,336153
2911,338866
2912,341781
2913,337400
2914,334431
2915,333200
2916,330714
2917,302422
2919,341142
2920,341062
2921,341530
2922,341081
2924,341547
2925,341134
2926,341126
2927,341804
2928,341078
2930,341941
2931,341878
2932,341671
2933,342054
2934,342077
2935,341437
2936,342164
2937,341493
2938,341251
2939,342122
2940,342175
2941,341230
2942,341510
2943,337220
2944,341770
2945,342386
2946,341777
2947,342500
2948,341762
2951,307529
2952,340839
2953,341011
2954,339406
2955,340979
2958,340528
2959,326423
2960,341236
2961,342229
2962,339068
2964,340531
2965,333889
2966,340413
2967,340335
2968,334716
2969,340443
2970,340361
2971,340317
2972,327206
2973,341048
2974,340988
2976,341567
2977,341566
2978,341538
2979,341532
2980,341517
2981,341473
2982,340872
2983,340866
2984,341246
2985,341422
2986,340687
2987,340536
2988,341225
2989,340240
2990,340669
2991,340663
2992,340658
2993,340583
2994,340637
2995,340573
2996,340100
2997,336380
2998,340488
2999,340633
3000,340629
3001,340549
3002,340544
3003,340167
3004,341178
3006,341005
3007,341173
3008,332480
3009,339755
3010,341162
3011,340261
3012,338041
3013,340496
3014,341123
3015,341133
3016,341132
3017,341121
3018,341148
3019,340489
3020,341137
3021,340469
3022,340278
3023,340282
3024,340048
3025,341128
3026,339871
3027,341120
3028,341118
3029,340431
3030,340186
3031,341107
3032,327228
3033,340785
3034,340065
3035,340058
3036,337907
3037,340176
3038,340179
3039,340174
3040,340784
3041,306028
3042,340783
3043,339148
3044,333486
3045,335488
3046,339080
3047,337804
3048,340044
3049,340045
3050,340150
3051,339108
3052,334341
3054,340031
3055,340138
3056,340141
3057,319807
3058,340696
3059,340016
3060,340014
3061,340018
3062,340013
3063,340132
3064,340127
3065,340130
3066,339102
3067,340706
3068,340117
3069,340000
3070,340704
3071,340698
3072,340695
3073,339978
3074,339986
3075,339976
3076,340113
3077,340106
3078,340089
3079,339959
3080,339972
3081,339963
3082,339960
3083,327612
3084,306975
3085,339935
3086,339938
3087,339947
3088,340083
3089,340077
3090,340071
3091,339921
3092,340641
3093,339916
3094,327570
3095,339914
3096,339889
3097,339892
3098,339887
3099,331270
3100,339885
3101,339882
3102,339861
3103,339874
3104,339878
3105,339872
3106,339864
3107,335506
3108,339862
3109,339849
3110,339848
3111,335932
3112,325852
3113,330504
3114,330461
3115,330449
3116,339544
3117,339524
3118,339812
3119,339807
3120,339681
3121,339669
3122,339566
3123,336104
3124,339253
3125,340147
3126,339777
3127,339206
3128,335001
3129,339748
3130,340122
3131,339133
3132,339735
3133,334410
3134,339409
3135,340097
3136,340090
3137,340086
3138,340079
3139,339438
3140,321860
3141,338688
3142,337632
3143,340060
3144,338672
3145,339039
3146,338657
3147,339041
3148,335180
3149,339624
3150,339623
3151,339051
3152,338831
3153,339971
3154,339060
3155,338956
3156,338859
3157,338832
3158,323099
3159,339589
3161,332321
3162,339790
3163,339820
3164,338924
3165,339776
3167,338466
3168,338719
3169,339010
3170,338652
3172,338419
3173,338023
3174,338863
3175,339721
3176,339717
3177,339715
3179,339008
3180,339711
3181,339710
3182,338846
3183,339705
3184,338833
3185,314958
3186,339695
3187,329912
3188,329156
3189,339683
3190,339671
3191,339663
3192,339655
3193,332304
3194,339632
3195,336198
3197,339037
3198,339019
3199,339021
3200,338998
3201,339000
3202,338993
3203,338999
3204,338979
3205,338980
3206,338987
3207,338953
3208,338732
3209,338723
3210,338745
3211,338743
3213,332462
3214,334432
3216,306335
3217,337723
3218,338027
3219,338972
3220,334382
3221,334156
3222,334152
3223,333836
3224,333748
3225,333728
3226,333715
3227,333488
3228,333228
3229,331230
3230,292153
3231,283509
3232,335240
3233,325777
3234,331897
3235,338522
3236,338149
3237,318448
3239,336349
3240,336023
3241,330031
3243,332889
3244,334380
3245,337884
3246,327269
3247,331311
3249,338095
3250,300697
3252,338650
3253,332754
3254,332264
3255,309182
3256,336562
3257,338498
3259,338430
3260,338422
3262,338405
3263,338396
3270,338256
3272,338225
3274,338203
3277,337473
3283,337457
3287,337568
3288,337566
3290,337553
3292,336862
3293,337682
3295,337998
3297,337994
3301,337477
3302,337472
3303,337464
3306,337453
3316,337892
3322,337874
3323,337391
3327,337426
3328,337855
3333,337271
3340,336574
3343,337756
3348,336441
3350,336484
3357,337721
3362,336378
3363,337689
3364,336360
3369,337059
3370,337660
3376,337595
3377,336850
3378,336847
3379,336585
3381,337413
3383,337533
3388,337525
3392,337519
3393,336986
3408,336834
3409,337490
3410,337128
3414,336476
3415,337173
3416,336546
3417,336498
3418,337048
3423,335501
3426,336896
3428,336293
3430,329145
3431,336283
3436,279186
3437,336267
3441,275007
3442,336884
3447,336259
3452,336231
3455,336237
3458,336244
3460,336877
3461,329759
3466,336860
3471,336210
3474,336207
3477,326447
3478,326536
3480,336201
3485,335596
3486,327171
3487,327167
3489,326997
3490,335277
3493,326208
3495,325174
3496,325140
3500,335585
3502,335584
3505,335572
3515,336152
3518,336143
3523,336129
3525,336128
3526,336127
3527,336124
3528,336122
3530,336116
3533,335676
3534,336103
3535,336102
3537,336098
3538,336097
3540,336090
3541,336088
3542,336089
3543,336085
3544,336083
3547,336078
3550,335975
3552,336030
3553,303755
3555,303804
3561,335990
3563,335976
3564,335969
3568,335921
3570,331473
3571,335531
3572,335529
3573,335522
3577,335526
3583,335515
3584,335517
3586,335505
3587,335500
3589,335502
3590,335484
3600,335468
3605,335451
3607,335461
3611,335455
3616,335431
3618,335446
3619,335433
3621,335437
3622,335425
3627,335419
3632,335406
3633,335407
3638,335405
3639,335408
3643,335388
3647,335373
3649,335371
3654,335378
3661,335360
3665,335366
3667,335362
3674,335342
3675,335333
3677,335329
3679,335334
3681,335335
3682,335332
3684,335338
3685,335310
3686,335308
3687,335307
3688,335305
3689,335306
3690,335289
3693,335300
3695,335282
3696,335274
3699,335272
3700,332682
3704,335886
3713,329891
3716,335825
3717,325007
3718,325953
3719,328704
3720,331131
3721,334099
3723,334276
3724,335812
3725,335808
3727,327002
3731,335775
3733,335771
3734,335768
3735,335764
3738,335744
3744,335688
3745,335686
3748,335660
3749,335649
3753,335630
3756,331107
3765,332505
3777,318560
3778,330440
3780,335192
3781,335060
3783,317801
3785,334980
3787,332657
3788,330325
3790,331575
3792,334273
3793,335263
3796,335174
3797,332252
3799,335091
3800,335194
3802,334648
3803,334819
3805,334798
3809,334777
3810,324350
3811,334813
3814,334591
3815,319247
3816,334572
3818,334828
3819,334953
3820,334331
3821,310465
3822,333688
3823,323169
3824,334513
3826,335216
3827,299497
3829,334088
3830,334779
3834,334776
3835,334772
3836,333745
3839,332629
3840,333771
3843,334394
3847,333082
3849,333066
3851,333646
3852,333205
3855,334103
3859,333063
3861,331336
3862,333139
3866,333879
3867,333878
3869,333851
3872,334153
3874,333492
3875,333404
3876,331594
3877,333021
3879,323236
3881,334419
3885,334409
3886,334400
3894,333711
3900,333623
3904,332814
3913,334169
3915,333589
3916,332531
3918,333047
3921,333551
3923,328351
3927,331604
3929,331602
3933,332289
3934,328912
3937,333509
3941,332298
3942,332354
3944,332654
3946,324765
3947,313472
3949,333254
3951,332849
3952,333884
3954,333191
3955,332341
3958,333172
3959,332495
3962,329544
3967,329532
3968,332927
3969,331949
3972,333017
3981,328296
3984,295976
3985,332728
3986,326865
3992,332721
3993,332720
3994,332719
3995,332713
3996,331952
4002,331943
4004,332251
4005,332695
4009,332685
4010,332680
4012,331121
4013,332669
4014,329698
4021,331893
4023,331213
4025,331878
4026,329158
4028,332610
4029,332605
4031,331869
4035,332006
4048,331818
4049,331817
4052,329122
4057,332513
4066,331746
4069,331724
4072,331678
4074,331698
4077,331122
4083,331686
4091,332319
4092,330247
4093,332299
4099,332277
4102,332267
4110,332238
4116,332205
4117,332201
4119,303493
4128,327118
4134,332115
4136,332098
4149,331650
4150,331659
4170,331576
4173,331550
4177,331523
4191,331462
4198,331399
4201,331333
4202,331320
4207,329526
4208,328742
4209,328230
4211,331681
4215,331674
4218,331661
4219,331660
4220,331073
4225,311170
4226,313450
4227,322979
4231,298325
4234,330789
4237,330478
4238,330251
4239,330408
4240,330400
4241,330341
4243,329398
4247,309636
4250,329678
4252,325783
4253,268005
4254,325820
4255,325769
4257,302493
4259,325771
4261,312025
4263,330056
4266,315756
4267,327572
4268,329017
4269,329035
4271,319276
4272,321660
4273,329057
4274,329148
4276,329706
4277,329075
4280,329141
4281,329452
4282,329451
4288,329865
4289,312521
4290,320393
4291,328304
4297,329016
4302,324426
4303,302272
4304,323316
4306,305917
4308,328748
4309,328675
4310,312243
4311,328610
4312,328896
4314,328835
4316,316324
4317,312748
4318,325818
4326,321119
4328,321870
4333,327952
4334,327966
4335,327997
4336,293555
4337,328040
4338,328050
4340,328169
4344,328904
4345,328105
4346,325838
4347,328274
4350,327492
4351,327494
4361,325281
4362,292630
4363,261298
4364,276726
4366,316950
4367,327291
4368,284601
4369,312543
4370,327412
4371,327413
4372,327530
4373,314761
4374,327577
4375,327585
4376,316992
4377,327634
4378,327272
4380,327239
4381,222912
4385,304128
4386,320012
4387,285357
4388,302781
4389,287161
4390,288317
4391,288912
4392,302952
4393,307267
4394,299266
4395,327209
4396,295646
4397,327127
4398,327144
4399,293949
4400,326634
4401,314684
4402,326978
4403,326663
4404,326830
4405,326496
4406,326777
4407,327032
4408,327085
4409,321936
4410,326973
4411,326966
4412,326954
4414,321115
4417,325112
4418,326426
4419,325724
4420,326434
4421,325794
4422,325755
4426,325719
4431,325591
4432,325538
4434,325050
4435,326709
4436,326704
4439,326641
4441,325979
4442,325036
4443,325914
4444,326073
4445,325915
4446,326019
4447,325559
4448,324082
4449,326066
4454,322746
4455,324109
4456,321166
4457,314775
4458,324981
4459,325547
4463,326254
4464,304209
4465,324896
4466,324994
4467,325502
4469,324922
4471,324856
4472,324181
4473,326100
4475,325514
4476,325779
4480,325381
4481,325836
4484,325189
4485,324690
4486,325303
4487,325991
4489,325984
4490,324294
4492,324865
4494,324332
4495,324320
4498,323610
4499,325908
4501,325028
4502,317888
4503,305975
4504,324167
4507,325584
4508,324211
4511,325567
4512,317135
4513,325508
4515,323879
4519,316145
4520,323824
4521,323936
4523,323950
4524,324137
4526,318154
4528,262069
4529,324237
4530,324493
4531,324456
4534,323999
4535,325247
4540,320859
4542,323631
4543,324016
4546,316076
4547,321150
4549,316825
4550,324771
4554,323354
4556,324734
4559,323546
4560,323038
4565,323381
4566,323383
4568,321404
4569,324592
4570,324571
4571,323842
4572,323317
4573,323500
4574,324498
4575,323336
4576,323334
4577,324410
4578,311117
4579,322100
4580,321217
4581,323247
4582,323141
4583,323343
4584,323690
4585,324322
4586,323191
4588,324241
4589,323178
4590,321947
4595,324090
4596,324064
4599,320935
4600,323920
4602,320666
4604,322657
4605,322659
4606,322611
4607,320488
4608,323668
4609,320285
4612,322841
4613,297302
4614,316472
4615,322898
4616,322889
4617,321749
4619,322184
4620,322824
4621,321859
4622,323089
4623,322298
4624,320208
4625,321807
4626,321799
4627,321797
4628,314774
4629,321796
4630,322069
4631,321102
4633,322663
4634,322658
4635,321996
4637,322638
4638,318900
4639,322606
4640,321929
4641,321931
4642,321904
4643,321901
4644,321704
4645,321093
4646,321735
4649,322426
4650,322424
4653,304017
4654,322377
4655,322352
4656,322253
4658,322245
4659,322240
4660,321553
4661,246802
4662,322221
4664,322214
4665,322205
4666,322199
4667,322193
4668,322191
4669,322190
4670,261768
4673,322152
4674,320962
4675,322140
4676,320613
4677,320765
4678,321420
4679,320930
4681,320787
4683,302762
4685,320439
4686,320422
4691,321856
4692,321788
4693,319982
4694,321726
4695,321684
4696,320804
4697,319934
4700,288324
4703,320077
4706,320085
4707,319692
4709,320512
4710,318533
4711,319596
4712,320319
4714,314892
4715,319326
4716,320895
4717,320891
4718,320890
4719,320889
4720,320708
4721,317699
4722,320702
4723,319427
4724,319620
4725,307283
4726,319707
4727,319716
4729,320619
4731,312352
4732,302808
4733,320394
4734,320497
4735,316843
4736,317152
4737,314626
4738,319660
4739,319265
4740,318762
4741,319737
4742,319739
4743,319738
4744,319735
4745,319713
4746,319712
4747,319721
4748,319681
4749,319684
4750,319671
4751,319648
4752,319646
4753,319654
4754,319629
4755,319634
4757,319635
4758,319585
4759,319614
4760,319591
4761,319464
4762,319462
4763,319460
4764,319458
4765,317867
4766,319445
4767,319442
4768,319437
4769,319434
4770,319429
4772,319422
4773,319415
4774,319412
4775,319411
4776,319410
4777,319405
4778,319397
4779,319403
4780,319401
4781,319396
4782,319392
4783,319388
4784,319384
4785,319382
4786,319374
4787,319372
4788,319370
4789,319369
4790,319360
4792,319334
4793,318598
4794,318574
4795,318576
4796,318573
4797,318579
4798,318562
4799,318550
4800,318532
4801,318527
4802,318497
4804,315003
4805,319109
4806,318399
4807,318950
4808,319142
4809,318371
4810,318357
4811,318353
4813,318191
4816,319101
4817,319086
4818,317550
4819,315191
4821,319044
4823,318274
4824,319015
4825,319012
4826,317762
4830,317619
4831,318934
4832,311039
4833,317615
4834,318142
4835,317613
4836,318120
4838,318774
4839,318750
4840,318032
4841,318144
4842,317957
4844,318651
4847,257025
4848,317906
4849,317914
4850,317350
4851,317349
4852,317341
4853,318119
4854,317149
4856,317324
4857,317323
4858,317291
4859,317265
4860,316990
4862,317986
4863,306832
4864,317169
4865,271428
4868,312275
4869,309323
4870,317017
4871,313486
4872,317840
4873,317818
4874,317808
4875,317770
4876,317695
4877,317675
4878,317657
4879,317549
4880,317548
4881,317446
4883,317242
4884,317415
4885,317145
4886,317117
4887,317112
4888,317106
4889,317092
4890,317087
4891,317053
4892,317051
4893,317048
4894,317022
4895,317014
4896,317011
4897,317000
4898,316984
4899,316981
4900,316980
4901,316978
4902,316977
4903,316976
4904,316916
4906,316859
4907,316820
4908,316817
4909,316807
4910,316802
4911,316791
4912,316745
4913,316709
4914,316706
4915,316682
4916,316664
4917,316657
4918,316656
4919,316645
4920,316643
4921,316577
4922,316563
4924,316540
4925,316493
4926,316531
4927,316516
4929,316510
4930,316490
4931,316485
4932,316465
4933,316449
4934,316441
4935,316436
4936,316433
4937,316414
4938,316406
4939,316403
4940,316334
4941,316311
4942,316252
4943,316251
4944,314553
4945,316225
4946,313690
4947,311935
4948,312679
4949,310971
4950,297387
4951,316173
4952,316171
4953,316165
4954,316162
4955,316154
4956,316140
4957,316130
4958,316128
4959,316127
4960,316125
4961,316117
4962,316114
4963,316111
4964,316109
4965,316106
4966,316102
4967,316100
4969,316056
4971,316030
4972,316025
4973,312892
4974,315992
4975,315982
4978,312471
4979,315346
4980,315828
4981,315927
4982,311794
4983,315915
4984,315913
4985,315904
4986,315447
4987,315439
4988,315442
4989,315436
4990,315431
4991,315413
4992,315416
4993,315421
4994,315414
4996,315388
4997,315389
4998,315392
4999,315345
5000,315348
5001,315326
5002,315300
5003,315296
5004,315277
5005,315228
5006,315238
5007,315213
5008,315216
5009,315218
5010,315221
5011,315220
5012,315210
5013,315197
5014,315166
5015,315160
5016,315162
5017,315141
5018,315151
5019,315152
5021,315129
5023,315104
5024,315102
5025,315101
5026,315096
5027,315100
5028,315098
5029,315099
5030,315091
5031,315095
5032,315093
5033,315092
5034,315058
5035,315051
5036,315011
5037,315020
5038,314989
5039,314964
5040,314801
5041,314881
5042,314884
5043,314861
5044,314758
5045,314876
5046,315881
5047,315860
5048,315853
5049,315839
5050,315815
5051,315807
5052,315801
5053,314769
5054,315800
5055,309745
5056,314074
5057,315708
5059,314376
5060,314382
5061,315635
5063,315558
5064,315531
5065,315517
5066,315510
5067,315491
5068,315481
5069,315471
5070,310501
5071,315463
5072,315462
5073,309434
5074,312848
5075,308985
5076,312855
5077,311334
5078,314867
5079,313487
5080,312711
5081,312777
5082,313629
5084,313804
5085,312226
5086,314064
5087,314469
5089,314369
5090,313869
5091,313861
5093,314254
5094,314252
5096,313792
5097,314212
5098,314137
5099,314114
5100,314082
5101,313522
5102,312652
5103,313874
5104,312524
5105,313368
5107,313402
5108,313434
5109,313417
5110,313399
5111,313390
5112,313386
5113,313341
5114,313331
5115,313328
5116,313323
5117,313271
5118,313311
5119,313303
5120,313289
5121,313191
5122,312907
5123,313172
5124,313160
5125,313144
5126,313141
5127,313090
5128,313125
5129,313123
5130,313122
5132,313118
5133,313109
5134,313101
5135,313096
5136,313093
5137,313091
5138,312838
5139,313063
5140,313059
5141,313034
5142,313031
5143,313026
5144,312981
5145,312973
5146,312964
5147,312940
5148,312935
5149,312910
5150,312902
5151,312891
5152,312888
5153,312885
5154,312883
5155,312879
5156,312877
5157,312874
5158,312863
5159,312861
5160,312854
5161,312842
5162,312847
5163,312843
5164,312831
5165,312221
5166,312246
5167,312825
5168,312818
5169,312815
5170,312797
5171,312789
5172,312787
5173,312782
5174,312779
5175,312766
5176,312764
5177,312754
5178,312753
5179,312751
5180,312746
5181,312743
5182,312741
5183,312736
5184,312728
5185,312724
5186,312698
5187,312696
5188,312692
5189,312687
5190,312686
5191,312684
5192,312680
5193,312490
5194,312489
5195,312485
5196,312481
5197,312477
5198,312476
5199,312475
5200,312470
5201,312453
5202,312452
5203,312451
5204,312420
5205,312446
5206,312444
5207,311885
5208,312437
5209,312430
5210,312428
5211,312425
5212,312417
5213,312416
5214,312412
5215,312410
5216,312408
5217,311855
5218,312388
5219,312385
5220,312369
5221,311817
5222,312336
5223,312323
5224,311856
5226,312316
5227,312315
5229,312293
5230,311725
5231,312281
5232,312278
5233,312274
5234,312272
5235,312271
5236,311679
5237,312261
5238,312260
5239,312258
5240,312254
5241,312251
5242,312244
5243,312238
5244,312235
5245,312231
5246,312215
5248,312194
5249,312191
5250,311504
5251,312170
5252,312166
5253,312153
5255,312146
5256,303850
5257,312144
5259,312014
5260,308846
5261,309108
5263,312129
5264,312127
5265,312124
5266,312099
5267,312098
5268,312092
5269,312088
5270,312072
5271,312061
5272,312047
5273,312044
5274,312041
5275,312037
5277,311621
5278,311571
5279,311565
5280,311559
5281,311548
5282,311541
5283,311522
5284,311526
5285,311525
5286,311519
5287,311513
5288,311510
5289,311496
5290,311477
5291,311464
5292,311461
5293,311459
5294,311460
5295,311441
5296,311435
5297,311415
5298,311398
5299,311385
5300,311397
5301,311381
5302,311366
5303,311353
5304,311356
5305,311346
5306,311339
5307,311338
5308,311326
5310,311318
5311,311302
5312,311289
5313,311282
5314,311258
5315,311251
5316,311241
5317,311234
5319,311222
5321,311064
5322,311071
5323,310984
5325,312022
5326,312021
5327,310938
5328,311943
5329,311912
5331,311894
5332,308372
5333,311824
5334,311821
5335,311816
5336,300000
5337,310525
5339,311656
5340,311629
5341,311628
5342,248278
5343,268687
5344,311034
5345,311252
5346,311250
5348,310815
5349,311188
5351,311148
5352,311077
5353,311078
5354,310372
5355,309975
5356,309963
5357,309970
5358,310739
5359,310741
5361,310012
5362,310017
5363,310006
5364,310732
5365,309426
5366,310730
5367,310722
5368,309002
5370,309993
5371,309994
5372,309978
5373,309925
5374,310708
5375,310694
5376,310680
5377,310678
5378,310679
5379,309898
5380,309897
5381,310675
5382,310672
5383,310668
5384,310666
5385,310664
5386,309070
5387,310658
5388,310656
5389,310649
5390,309875
5391,310644
5392,309864
5394,310624
5395,310107
5396,310618
5397,309849
5398,309845
5399,310608
5400,310521
5401,309117
5402,310607
5403,310605
5404,309843
5405,309837
5406,309835
5407,309558
5408,310597
5409,310069
5410,310595
5411,310590
5412,310589
5413,310587
5414,310586
5415,310207
5416,310579
5417,310577
5418,309826
5419,309819
5420,309832
5422,310570
5423,310569
5424,309409
5425,310560
5426,310559
5427,310558
5428,310556
5429,310555
5430,310552
5431,310553
5432,309804
5433,309806
5434,310466
5435,309796
5436,309320
5437,310529
5438,310523
5439,309783
5440,309782
5441,309768
5442,309771
5443,309767
5444,310516
5445,310513
5446,310512
5447,310510
5449,309755
5450,309758
5451,310505
5452,309402
5453,310502
5454,310500
5455,309732
5456,309734
5458,309719
5459,309622
5460,310496
5461,310495
5462,310492
5463,309550
5464,310479
5465,310485
5466,310478
5467,310290
5468,309611
5470,310463
5471,310462
5472,310460
5473,310459
5474,310458
5475,310457
5476,309591
5477,310456
5478,310452
5479,309587
5480,309625
5481,310447
5482,310445
5483,310442
5484,310439
5485,310435
5486,310434
5487,310428
5488,310427
5490,310420
5491,310417
5492,310416
5493,310415
5494,310414
5495,310413
5496,310410
5497,310409
5498,310408
5499,310406
5500,309600
5501,309621
5502,310160
5503,310295
5504,310137
5505,310073
5506,310403
5507,309613
5508,310128
5509,309696
5510,309688
5511,309635
5512,309633
5513,309659
5514,309634
5515,309630
5516,309608
5517,309615
5518,309602
5519,309598
5520,310306
5521,310324
5522,310318
5523,309245
5524,309263
5525,309284
5526,309051
5527,309034
5528,309005
5529,309111
5530,309125
5531,309563
5532,309561
5533,309504
5534,309500
5535,309502
5536,309526
5537,309522
5538,309491
5539,309464
5540,309471
5541,309466
5542,309483
5543,309398
5544,309423
5545,308962
5546,309061
5548,309439
5549,309412
5550,309537
5551,309533
5552,309527
5553,309520
5554,309559
5555,309446
5556,309198
5557,309452
5558,309454
5559,309450
5560,309122
5561,309350
5562,309250
5563,309227
5564,309212
5565,310401
5566,310399
5567,310397
5568,310396
5569,310393
5570,310392
5571,310391
5572,310384
5573,310383
5574,310382
5575,310380
5576,310378
5578,310365
5579,310364
5580,310362
5581,310356
5582,310355
5583,310354
5584,310350
5585,310349
5586,310343
5587,310341
5588,310340
5589,310323
5590,310311
5591,310310
5592,310307
5593,310304
5594,310303
5595,310302
5596,310300
5597,310298
5598,310297
5599,310296
5600,310294
5601,310286
5602,310282
5603,310279
5604,309678
5605,309664
5606,309663
5607,309672
5608,309668
5609,309660
5610,309654
5611,309604
5612,309590
5613,309525
5614,310236
5615,310226
5616,310220
5617,310219
5618,310214
5619,310209
5620,310179
5621,310176
5622,310171
5623,310168
5624,310167
5625,310157
5626,310155
5627,309410
5628,310148
5629,310141
5630,310111
5631,308965
5632,310105
5633,310099
5634,310081
5635,309346
5636,310044
5637,310040
5638,310038
5639,310036
5640,310035
5641,308263
5642,310032
5643,309059
5644,309229
5645,309207
5646,309194
5647,309121
5648,309115
5649,309032
5651,309009
5652,306091
5653,306062
5654,302540
5655,307438
5656,303737
5657,287074
5658,259064
5659,288142
5660,289052
5661,308702
5662,308636
5663,284894
5664,308483
5665,307789
5666,280826
5667,304840
5668,305774
5669,308819
5670,304035
5671,308279
5672,308400
5674,308315
5675,308310
5676,307094
5677,308158
5678,308153
5679,308148
5681,302748
5682,303833
5683,308127
5684,306194
5685,223695
5686,306830
5687,290067
5688,308114
5689,308112
5690,307015
5692,304042
5693,308087
5694,308081
5695,305425
5696,308080
5697,308079
5698,308078
5699,308077
5700,300293
5701,308076
5702,308074
5703,308064
5704,308057
5705,308056
5706,308054
5707,308052
5708,308048
5709,308046
5710,308044
5711,308043
5712,297500
5713,308037
5714,308032
5715,308027
5716,308024
5717,308019
5718,308018
5719,308013
5720,308012
5721,308010
5722,308003
5723,307442
5724,307439
5725,307437
5726,307435
5727,307418
5728,307422
5729,307415
5730,307409
5731,307407
5732,307408
5733,307398
5734,307394
5735,307391
5736,307386
5737,307385
5738,307381
5739,307382
5740,307377
5741,307379
5743,307371
5744,307369
5745,307363
5746,307364
5747,307361
5748,307351
5749,307349
5750,307348
5751,307337
5752,307339
5753,307328
5754,307330
5755,307332
5756,307322
5757,307320
5758,307312
5759,307308
5760,307303
5761,307286
5762,307277
5763,307275
5764,307273
5765,307272
5766,307269
5767,307268
5768,307266
5769,307260
5770,307263
5771,307259
5772,307256
5773,307253
5774,307248
5775,307250
5776,307247
5777,307241
5778,307236
5779,307233
5780,307230
5781,307227
5782,307219
5783,307216
5784,307208
5785,307207
5786,307204
5787,307203
5788,307201
5789,307200
5790,307192
5791,307199
5792,307191
5793,307185
5794,307190
5795,307189
5796,307176
5797,307182
5798,307184
5799,307181
5800,307172
5801,307168
5802,307169
5803,307166
5804,307164
5805,307159
5806,307161
5807,307145
5808,307140
5809,307141
5810,307135
5811,307133
5812,307136
5813,307122
5814,307118
5815,307120
5816,307127
5817,307117
5818,307113
5819,307111
5820,307110
5821,307108
5822,307106
5823,307102
5824,307101
5825,307099
5826,307080
5827,307068
5828,307065
5829,307067
5830,307061
5831,307060
5832,307062
5834,307058
5835,307054
5836,307053
5837,307049
5838,307050
5839,307039
5840,307040
5841,307042
5842,307036
5843,307035
5844,307034
5845,307020
5846,307019
5847,307016
5848,307018
5849,307017
5850,307009
5851,306976
5852,306990
5853,306993
5854,306994
5855,306996
5856,306968
5857,306970
5858,306974
5859,306958
5860,306940
5861,306946
5862,306944
5863,306950
5864,306936
5865,306937
5866,306934
5868,306926
5869,306914
5870,306915
5871,306928
5872,306920
5873,306918
5874,306901
5875,306902
5876,306906
5877,306908
5878,306899
5879,306885
5880,306889
5881,306861
5882,306863
5883,306878
5884,306883
5885,306880
5886,306881
5887,306859
5888,306846
5889,306860
5890,306842
5891,306833
5892,306837
5893,306835
5894,306839
5895,306829
5896,306826
5897,306824
5898,306819
5899,306821
5900,306814
5901,306810
5902,306811
5903,306773
5904,306792
5905,306769
5906,306768
5907,306751
5908,306741
5909,306724
5910,306735
5911,303614
5912,303529
5913,307991
5914,307985
5915,307966
5916,306652
5917,307951
5918,307942
5919,300057
5920,307907
5921,307898
5922,307892
5923,306601
5924,307890
5925,307881
5926,307870
5927,307865
5928,303362
5929,301987
5930,307816
5931,307813
5932,307804
5933,307790
5934,306536
5935,307783
5936,307777
5937,307775
5938,306490
5939,307766
5940,307760
5941,307754
5942,307753
5943,307715
5944,307714
5945,307701
5946,307690
5947,307689
5949,307680
5950,307677
5951,307672
5952,307669
5953,307666
5954,303173
5955,302478
5956,307639
5957,307618
5958,307614
5959,307601
5960,307600
5961,307599
5962,307597
5963,306283
5964,307589
5965,306247
5966,306268
5967,306252
5968,307583
5969,307580
5970,307577
5971,307573
5972,303653
5973,306246
5974,307566
5975,307561
5976,307562
5977,306227
5978,307559
5979,305816
5980,307552
5981,307549
5982,307547
5983,306220
5984,294220
5985,306216
5986,307543
5987,303680
5988,306203
5989,307528
5990,293634
5991,307516
5992,307501
5993,307500
5994,307496
5995,301521
5996,307488
5997,307486
5998,307478
5999,307466
6000,307464
6001,307461
6002,306145
6003,302923
6004,302825
6005,295811
6006,296934
6008,287486
6009,306009
6010,306037
6011,306038
6012,288418
6013,300002
6014,306549
6015,283249
6016,302774
6017,302398
6018,302323
6019,249924
6020,300063
6021,274898
6023,285538
6024,306063
6025,295760
6026,287067
6027,305060
6028,306296
6030,306758
6032,306306
6033,257766
6034,306204
6035,301320
6036,295972
6037,304179
6038,302574
6040,306304
6041,305908
6042,295242
6044,306241
6045,292778
6046,286983
6047,306566
6048,306075
6049,306162
6053,285135
6054,272637
6055,306732
6056,306671
6057,305553
6058,306045
6059,303651
6060,306749
6062,303582
6063,305785
6064,301548
6065,277212
6067,300045
6068,302084
6069,270141
6070,305748
6071,292930
6072,296451
6073,296680
6074,290567
6075,293617
6076,266017
6077,281391
6078,305841
6079,303644
6080,305840
6081,303719
6082,295926
6083,296971
6084,305475
6085,304084
6086,302286
6087,305829
6088,305952
6089,305826
6090,301821
6091,301120
6092,301089
6093,301004
6094,305738
6095,305805
6096,305815
6097,305818
6098,304589
6099,305574
6100,300018
6101,305687
6102,303731
6103,305988
6104,305707
6105,299203
6106,278722
6108,305881
6109,306025
6110,305810
6112,305666
6113,306022
6114,305968
6115,301364
6116,301379
6117,301347
6118,301326
6119,301271
6120,300396
6121,299969
6123,305991
6125,305353
6126,299244
6127,298537
6128,298313
6129,297552
6130,296968
6131,296750
6132,296744
6133,296020
6134,296032
6135,295896
6136,286749
6137,302470
6138,302556
6139,302646
6140,302694
6141,302763
6142,303030
6143,303360
6144,303905
6145,304141
6146,304413
6147,305395
6148,305531
6149,298400
6150,302464
6151,303763
6152,248204
6153,304778
6154,305525
6155,294738
6156,262924
6157,279232
6158,304899
6159,304793
6160,294052
6161,294171
6162,294521
6163,293667
6164,289077
6165,288957
6166,279548
6167,305532
6168,304803
6170,304563
6171,273321
6172,304750
6173,290880
6174,259046
6175,304561
6176,305405
6177,304816
6178,305322
6179,269770
6180,298231
6181,298334
6182,298410
6183,291521
6184,293840
6185,297463
6186,305399
6187,304814
6188,304818
6189,290797
6190,298692
6191,305267
6192,305310
6193,295644
6194,304564
6195,305304
6197,304845
6198,296055
6199,301917
6201,293466
6202,294480
6203,305055
6204,293804
6205,288991
6206,305056
6207,304550
6208,303882
6209,305487
6210,305040
6211,305005
6212,304987
6214,304954
6215,305500
6216,304794
6217,246119
6218,305538
6219,282469
6220,293394
6222,303898
6223,303867
6224,301222
6225,299534
6226,271754
6227,303801
6228,292941
6229,303078
6230,300351
6231,303834
6232,294334
6233,294033
6234,291718
6235,294497
6236,296973
6237,291985
6238,303932
6239,303841
6240,295943
6241,293717
6242,292724
6243,294031
6244,294059
6245,294418
6246,294680
6247,304355
6248,301006
6249,303816
6250,303862
6251,304028
6252,304024
6253,304021
6254,295564
6255,299132
6256,287355
6257,251561
6258,304244
6259,304368
6260,253896
6261,287184
6262,303508
6263,294181
6264,295783
6265,297587
6266,303783
6267,299808
6268,303389
6269,295484
6270,303741
6271,295400
6272,299729
6273,303730
6274,277435
6275,293790
6276,303709
6277,299624
6278,303657
6279,299318
6280,294437
6281,290063
6282,292822
6283,287225
6284,291775
6285,296794
6286,303533
6287,303687
6288,303524
6289,303629
6290,303356
6291,302759
6292,303079
6293,302828
6294,303026
6295,303021
6296,302753
6297,302686
6298,302624
6299,302623
6300,303331
6301,302248
6302,303352
6303,303376
6304,301130
6305,283545
6306,295554
6307,303416
6308,302352
6309,257437
6310,258195
6311,276943
6312,258150
6313,260691
6314,268413
6315,273271
6316,297231
6317,302488
6318,295389
6319,302404
6320,298790
6321,302526
6322,302254
6323,298704
6324,229329
6325,302349
6326,298452
6327,298596
6328,298581
6329,292880
6330,302530
6331,302656
6332,293655
6333,300685
6334,299163
6335,301168
6336,300962
6337,255429
6338,301065
6339,301990
6340,254809
6341,301434
6342,301140
6344,300945
6345,302027
6346,261516
6347,301108
6348,301687
6349,300835
6350,300947
6351,302087
6352,301301
6353,301335
6354,301344
6355,300961
6356,300953
6357,301831
6358,301789
6359,300610
6360,300306
6361,301574
6362,301426
6363,277946
6364,301959
6365,302200
6366,300252
6367,288340
6368,302194
6369,301673
6370,299580
6371,297986
6372,297460
6373,300015
6374,299827
6375,297884
6376,299549
6377,297706
6378,300761
6379,300764
6380,301343
6381,300459
6382,300642
6383,300240
6385,300841
6386,301325
6387,301323
6388,301321
6389,301304
6390,301302
6391,300655
6392,300694
6393,300688
6394,300680
6395,300681
6396,300633
6397,300637
6398,300623
6399,300621
6400,300589
6401,300587
6402,300581
6403,300576
6404,300573
6405,300567
6406,300571
6407,300563
6408,300555
6409,300504
6410,300507
6411,300497
6412,300500
6413,300499
6414,300493
6415,300488
6416,300485
6417,300472
6418,300467
6419,300464
6420,300462
6421,300463
6422,300448
6423,300457
6424,300444
6425,300434
6426,300430
6427,300428
6428,300429
6429,300421
6430,300418
6431,300412
6432,300402
6433,300380
6434,300357
6435,300348
6436,300333
6437,300330
6438,300327
6439,300325
6440,300305
6441,300301
6442,300291
6443,300287
6444,300286
6445,300275
6446,300273
6447,300254
6448,300251
6449,300247
6450,300241
6451,300242
6452,300236
6453,300237
6454,300232
6455,300233
6456,300234
6457,300229
6458,300224
6459,300216
6460,300201
6461,300206
6462,300193
6463,300187
6464,300190
6465,300180
6466,300184
6467,300179
6468,300178
6469,300174
6470,300177
6471,300168
6472,300165
6473,300159
6474,300158
6475,300164
6476,300152
6477,300157
6478,300148
6479,300128
6480,300123
6481,300117
6482,300114
6483,300111
6484,300096
6485,300100
6486,300079
6487,300095
6488,300089
6489,300069
6490,300068
6491,300035
6492,300054
6493,300049
6494,300031
6495,301243
6496,297393
6497,297388
6498,297309
6499,301117
6500,268058
6501,300099
6502,300982
6503,300931
6504,300916
6505,300904
6506,300893
6507,300886
6508,300878
6509,300863
6510,300852
6511,300849
6512,300842
6513,293139
6514,300806
6515,300803
6516,300797
6517,296845
6518,262724
6519,271493
6520,300181
6521,300041
6522,245439
6523,299113
6524,299079
6525,287140
6526,294161
6527,299223
6528,299183
6529,299221
6530,277084
6531,299247
6532,278715
6533,299220
6534,299263
6535,299721
6537,299935
6538,299934
6539,299932
6540,299931
6541,299930
6542,299377
6543,299320
6544,299376
6545,299309
6546,299300
6547,299303
6548,299289
6549,299282
6550,299276
6551,299258
6552,299254
6553,299257
6554,299255
6555,299250
6556,299253
6557,299243
6558,299233
6559,299232
6560,299217
6561,299206
6562,296657
6563,298024
6564,297638
6565,231643
6566,296566
6567,269216
6568,298317
6569,298330
6570,299799
6571,257275
6572,299796
6573,297444
6574,299790
6575,299789
6576,299779
6577,299775
6578,299772
6579,299764
6580,299761
6581,299760
6582,299702
6583,224593
6584,298120
6585,237168
6586,298088
6587,299056
6588,293765
6589,279393
6590,294257
6591,296998
6592,299103
6593,295922
6594,296143
6595,295614
6596,295989
6597,298050
6598,282323
6599,291339
6600,295654
6602,298221
6603,266786
6604,294304
6605,248270
6606,298150
6607,295337
6608,269595
6609,257273
6610,295552
6611,292681
6612,296344
6613,296383
6614,294317
6615,297923
6616,297975
6617,295073
6618,297477
6619,231897
6620,294975
6621,297070
6622,297679
6623,263947
6625,258736
6626,293113
6627,210134
6628,230176
6629,296959
6630,294290
6631,294211
6632,294184
6633,295832
6634,295848
6635,295870
6636,294831
6637,297002
6638,294720
6639,296861
6640,296856
6641,295886
6642,295977
6643,296802
6644,297389
6645,294129
6646,296701
6647,295854
6648,296122
6649,296027
6650,296679
6651,297219
6652,293856
6654,296421
6655,296315
6656,297105
6657,297069
6658,295885
6659,295927
6660,296246
6661,296030
6662,296699
6663,295904
6664,293373
6665,217420
6666,295665
6667,295666
6668,295947
6669,295883
6670,295853
6671,295841
6672,295837
6673,295649
6674,295526
6675,293392
6676,293347
6677,293297
6678,293279
6679,295309
6680,295259
6681,295185
6682,295164
6683,295151
6684,295093
6685,295071
6686,294969
6687,294852
6688,295813
6689,295596
6690,285297
6691,293378
6692,293478
6693,293285
6694,293679
6695,294716
6696,294681
6697,292779
6698,292780
6699,292766
6700,292710
6701,292647
6702,292609
6703,294601
6704,294642
6705,292327
6706,292298
6707,292891
6708,294427
6709,291617
6710,291638
6711,291863
6712,292245
6713,272787
6714,292125
6715,294440
6716,289571
6717,292120
6718,291665
6719,282818
6720,293827
6721,292075
6722,292059
6723,293870
6724,293950
6725,291825
6726,292227
6727,293422
6728,292900
6729,291128
6730,286270
6731,291636
6732,285371
6733,229695
6734,293425
6735,293424
6736,293426
6737,293423
6738,293873
6739,293744
6740,287877
6741,293521
6742,293461
6743,290548
6744,290498
6745,290406
6746,283232
6747,289406
6748,291614
6749,291603
6750,253941
6751,290401
6752,293231
6753,293221
6754,293218
6755,286445
6756,293752
6757,293149
6758,257234
6759,254570
6760,293127
6761,290727
6762,293735
6763,254680
6764,293728
6765,293719
6766,290507
6767,289333
6768,293066
6769,293708
6770,293048
6771,291218
6772,289551
6773,289639
6774,290032
6775,291056
6776,285352
6777,282668
6778,290445
6779,292994
6780,292985
6781,289956
6782,291043
6783,293678
6784,289269
6785,292087
6786,292966
6787,262120
6788,289103
6789,292909
6790,289987
6791,292881
6792,286496
6793,292843
6794,289907
6795,293602
6796,278399
6797,290577
6798,293593
6799,289763
6800,292816
6801,290517
6802,292795
6803,290693
6804,292993
6805,292788
6806,292756
6807,292691
6808,292684
6809,292670
6810,292638
6811,292595
6812,289513
6813,289220
6814,293109
6815,289355
6816,284462
6817,292200
6818,289288
6819,291451
6820,291513
6821,269062
6822,287499
6823,288023
6824,292049
6826,288199
6827,286144
6828,288150
6829,292007
6831,289868
6832,292615
6833,273529
6834,291911
6835,262195
6836,288922
6837,291516
6838,291422
6839,287546
6840,285798
6841,291827
6842,291839
6843,291766
6844,291758
6845,291729
6846,291716
6847,291715
6848,291710
6849,291712
6850,291691
6851,291668
6852,291657
6853,291550
6854,291545
6855,291536
6856,291505
6857,291490
6858,291483
6859,291445
6860,291438
6861,291440
6862,291444
6863,291406
6864,291412
6865,291409
6866,291355
6867,291248
6868,291254
6869,289018
6870,289036
6871,288978
6872,288970
6873,288962
6874,288948
6875,291233
6876,291234
6877,274230
6878,288628
6879,288611
6880,288520
6881,288482
6882,288472
6883,291015
6884,290981
6885,290969
6886,290924
6887,256607
6888,290895
6889,290867
6890,288343
6891,284449
6892,290848
6893,290844
6894,290830
6895,288292
6896,279400
6897,288257
6898,288219
6899,290743
6900,290720
6901,290711
6902,290710
6903,279558
6904,282119
6905,273717
6906,287361
6907,291467
6908,290468
6909,258823
6910,285239
6911,287336
6912,285334
6913,291045
6914,286591
6915,287132
6916,285848
6917,286592
6918,285811
6919,286916
6920,286527
6921,285227
6922,286424
6923,285328
6924,289149
6925,282471
6926,287580
6927,286793
6928,290153
6929,289979
6930,287063
6931,282486
6932,275189
6933,290400
6934,282616
6935,282216
6936,288092
6937,288258
6938,291039
6939,288233
6940,285453
6941,283255
6942,284609
6943,289895
6944,288255
6945,286022
6946,287781
6947,285430
6948,286027
6949,288226
6950,285949
6951,284827
6952,287755
6953,285833
6954,285773
6955,285346
6956,289560
6957,289810
6959,285497
6960,285336
6961,284785
6962,285447
6963,284574
6964,287346
6965,282536
6966,287987
6967,285368
6968,282781
6969,282648
6970,285905
6971,278038
6972,282618
6973,282716
6974,286830
6975,284500
6976,286165
6977,289178
6978,283288
6979,283992
6980,283048
6981,283933
6982,284501
6983,283680
6984,289222
6985,286614
6986,283315
6988,284410
6989,289198
6990,283219
6991,284893
6992,289232
6993,284532
6994,282671
6995,287125
6996,282834
6997,286344
6998,283583
6999,283412
7000,260653
7001,286978
7002,279049
7003,287525
7004,286024
7005,288400
7006,285841
7007,281047
7008,281073
7009,281103
7010,282069
7011,285766
7012,263284
7013,285695
7014,282277
7015,287534
7016,287537
7017,281466
7018,281075
7019,286228
7020,281070
7021,287502
7022,279113
7023,288905
7024,281467
7025,280158
7026,282256
7027,285090
7028,283166
7029,265922
7030,285023
7031,285021
7032,281733
7033,284889
7034,284864
7035,287734
7036,281385
7037,284839
7038,283872
7039,287226
7040,279210
7041,283986
7042,284244
7043,284247
7044,284245
7045,284240
7046,284243
7047,284242
7048,284241
7049,284239
7050,284233
7051,284230
7052,284231
7053,284232
7054,284227
7055,284228
7056,284223
7057,284220
7058,284218
7059,284212
7060,284211
7061,284213
7062,284209
7063,284065
7064,263157
7065,277033
7066,279534
7067,273881
7068,269802
7069,284107
7070,283313
7071,279989
7072,279733
7073,283786
7074,283314
7075,281012
7076,286232
7077,283228
7078,279507
7079,279266
7080,278692
7081,277495
7082,278991
7083,276861
7084,279115
7085,279132
7086,278518
7087,279437
7089,286423
7090,286286
7091,278138
7092,278357
7093,273761
7094,281865
7095,277289
7096,276652
7097,277177
7098,277137
7099,277264
7100,277014
7101,277904
7102,281333
7103,281332
7104,281331
7105,281329
7106,281330
7107,281326
7108,281325
7109,281322
7110,281324
7111,281321
7112,281328
7113,281327
7114,281323
7115,281312
7116,281315
7117,281314
7118,281317
7119,281316
7120,281319
7121,281318
7122,281313
7123,281304
7124,281309
7125,281305
7126,281308
7127,281310
7128,281307
7129,281306
7130,281303
7131,281299
7132,281300
7133,281297
7134,281295
7135,281296
7136,281301
7137,281293
7138,281294
7139,281290
7140,281286
7141,281289
7142,281287
7143,281288
7144,281284
7145,281279
7146,281281
7147,281283
7148,281278
7149,281277
7150,281282
7151,281275
7152,281272
7153,281274
7154,281269
7155,281273
7156,281276
7157,281270
7158,281267
7159,281268
7160,281265
7161,281266
7162,281262
7163,281263
7164,281260
7165,281264
7166,281255
7167,281256
7168,281257
7169,281258
7170,281259
7171,281254
7172,281253
7173,281211
7174,281208
7175,281205
7176,281204
7177,281207
7178,281206
7179,281209
7180,281210
7181,276775
7182,281128
7183,276388
7184,275253
7185,275237
7187,283270
7188,284472
7189,276352
7190,284489
7191,283753
7192,283320
7193,282185
7194,276607
7195,278642
7196,274838
7197,280487
7198,280395
7199,274927
7200,254000
7201,279969
7202,279632
7203,272666
7204,282360
7205,278959
7206,278942
7207,278938
7208,278600
7209,278517
7210,262577
7211,278315
7212,275062
7213,280010
7214,276905
7215,276439
7217,280978
7218,280064
7219,280212
7220,278177
7221,278127
7222,278088
7223,277854
7224,280949
7225,270520
7226,270461
7227,280496
7228,276725
7229,281192
7230,277465
7231,275765
7232,275669
7233,278725
7234,264796
7235,268340
7236,254002
7237,277001
7238,276959
7239,257375
7240,267041
7241,273737
7242,273736
7243,273735
7244,273734
7245,273732
7246,273730
7247,273731
7248,273728
7249,273729
7250,273574
7251,273573
7252,273571
7253,273572
7254,273569
7255,273570
7256,273568
7257,273562
7258,273565
7259,273563
7260,273567
7261,273564
7262,273561
7263,273314
7264,268385
7265,267331
7266,270499
7267,274014
7268,267000
7269,272430
7270,270065
7271,269917
7272,269482
7273,267824
7274,274897
7275,266635
7276,272511
7277,272513
7278,272514
7279,272515
7280,272512
7281,272509
7282,272504
7283,272508
7284,272507
7285,272510
7286,272506
7287,272505
7288,272498
7289,272497
7290,272503
7291,272502
7292,272501
7293,272496
7294,272492
7295,272488
7296,272490
7297,272489
7298,272491
7299,272493
7300,272486
7301,272487
7302,272485
7303,273918
7304,272336
7305,272332
7306,272334
7307,272335
7308,272333
7309,272330
7310,272329
7311,272327
7312,272326
7313,272325
7314,272328
7315,272320
7316,272323
7317,272324
7318,272321
7319,272322
7320,272318
7321,272319
7322,273110
7323,273222
7324,263829
7325,274124
7326,265815
7327,267882
7328,269856
7329,269754
7330,269735
7331,266549
7332,267050
7333,267051
7334,267047
7335,267048
7336,267045
7337,267044
7338,267043
7339,267040
7340,267037
7341,267038
7342,267036
7343,267034
7344,267035
7345,267032
7346,267030
7347,267031
7348,267028
7349,267027
7350,267024
7351,267019
7352,267022
7353,267020
7354,267018
7355,267023
7356,267017
7357,256486
7358,268980
7359,268979
7360,268975
7361,268976
7362,268978
7363,268974
7364,268977
7365,268972
7366,268968
7367,268967
7368,268971
7369,268966
7370,268965
7371,268969
7372,268964
7373,268961
7374,268962
7375,268960
7376,271579
7377,266648
7378,266359
7379,268449
7380,265886
7381,265861
7382,265852
7383,260929
7384,250151
7385,244274
7386,243992
7387,244420
7388,265235
7389,245673
7390,265204
7391,253730
7392,251531
7393,249780
7394,251339
7395,248495
7396,249224
7397,245159
7398,252659
7399,248292
7400,264359
7401,252212
7402,251700
7403,241038
7404,250602
7405,263627
7406,257124
7407,249806
7408,251746
7409,255766
7410,247793
7411,255546
7412,251316
7413,256643
7414,242934
7415,246889
7416,248182
7417,257110
7418,249414
7419,247039
7420,240745
7421,251946
7422,241932
7423,239828
7424,257143
7425,253922
7426,243698
7427,246670
7428,242206
7429,243745
7430,251677
7431,251917
7432,249925
7433,237935
7434,245774
7435,250701
7436,257069
7437,248919
7438,238270
7439,251769
7440,251750
7441,251819
7442,251806
7443,251821
7444,249424
7445,243057
7446,255752
7447,251482
7448,250920
7449,247478
7450,249305
7451,241475
7452,250475
7453,248960
7454,249871
7455,249776
7456,249773
7457,246713
7458,249103
7459,249319
7460,249295
7461,243720
7462,249189
7463,249090
7464,249060
7465,248982
7466,246328
7467,247755
7468,246879
7469,242998
7470,248726
7471,248700
7472,248244
7473,248620
7474,248107
7475,247396
7476,248404
7477,250056
7478,237869
7479,239859
7480,251955
7481,238860
7482,239824
7483,252133
7484,247232
7485,252449
7486,247696
7487,252009
7488,252060
7489,247971
7490,252397
7491,245663
7492,250682
7493,248010
7494,243073
7495,247087
7496,247882
7497,247649
7498,237539
7499,252288
7500,247502
7501,251766
7502,251765
7503,247620
7504,251762
7505,251984
7506,244038
7507,245642
7508,245578
7509,250866
7510,247604
7511,245357
7512,244909
7513,241029
7514,247448
7515,247246
7516,236885
7517,237888
7518,238692
7519,246837
7520,244854
7521,246807
7522,250683
7523,250676
7524,250667
7525,249750
7526,248755
7527,251650
7528,251307
7529,250717
7530,250449
7531,250662
7532,250273
7533,250215
7534,251626
7535,251685
7536,251661
7537,251666
7538,251149
7539,251605
7540,250462
7541,250669
7542,251579
7543,251572
7544,250770
7545,250860
7546,251064
7547,249757
7548,250500
7549,250248
7550,250665
7551,249884
7552,250267
7553,250592
7554,248397
7555,243003
7556,250652
7557,249999
7558,250638
7559,251076
7560,244737
7561,249785
7562,249422
7563,249091
7564,249586
7565,249300
7566,249412
7567,251576
7568,249020
7569,248463
7570,248450
7571,249493
7572,249500
7573,248486
7574,249501
7575,236789
7576,242625
7577,248482
7578,248466
7579,248449
7580,248599
7581,248456
7582,249527
7583,247953
7584,249201
7585,249268
7586,248921
7587,248432
7588,248431
7589,248422
7590,249233
7591,247931
7592,248032
7593,247900
7594,249212
7595,248260
7596,248263
7597,248400
7598,249172
7599,249166
7600,248031
7601,248225
7602,245690
7603,248213
7604,242911
7605,247631
7606,240563
7607,245023
7608,243086
7609,247201
7610,247372
7611,245426
7612,247708
7613,247157
7614,247149
7615,237877
7616,246280
7617,245869
7618,244660
7619,244354
7620,243963
7621,247617
7622,247510
7623,246909
7624,237615
7625,243706
7626,236759
7627,241449
7628,243298
7629,241035
7630,238292
7631,243058
7632,247364
7633,242660
7634,237848
7635,243043
7636,246475
7637,246326
7638,246324
7639,246322
7640,246124
7641,245691
7642,245634
7643,245559
7644,245329
7645,242121
7646,241030
7647,245303
7648,246045
7649,245929
7650,245557
7651,244443
7652,244840
7653,244834
7654,244394
7655,246134
7656,244524
7657,244627
7658,244412
7659,244777
7660,243087
7661,243071
7662,240552
7663,243638
7664,244015
7665,243613
7666,240548
7667,243385
7668,242938
7669,239056
7670,242657
7671,242565
7672,239607
7673,242608
7674,243332
7675,238778
7676,243061
7677,237602
7678,243703
7679,241408
7680,241027
7681,238974
7682,237862
7683,241467
7684,240088
7685,242077
7686,241865
7687,240275
7688,242064
7689,240390
7690,237099
7691,240811
7692,237541
7693,240332
7694,241445
7695,237520
7696,238865
7697,239688
7698,226513
7699,236523
7700,239881
7701,239889
7702,240001
7703,238252
7704,236224
7705,239327
7706,238434
7707,238421
7708,239576
7709,237586
7710,239643
7711,238798
7712,238233
7713,238383
7714,238071
7715,239194
7716,238603
7717,238807
7718,237625
7719,228030
7720,237180
7721,237391
7722,237142
7723,237409
7724,237204
7725,237153
7726,237136
7727,236505
7728,237126
7729,236794
7730,237113
7731,236085
7732,236998
7733,235893
7734,206486
7741,361212
7749,361551
7754,360441
7759,356405
7761,357625
7765,353171
7770,352901
7771,351187
7773,350748
7774,337432
7776,325663
7778,350967
7785,350790
7786,350665
7787,350606
7788,284504
7791,342777
7792,334058
7793,348653
7794,347240
7795,323649
7796,342708
7797,346311
7800,348630
7801,347363
7802,338786
7804,345311
7805,331355
7806,345312
7807,346759
7808,345302
7810,347436
7811,345258
7812,346636
7813,347441
7814,346859
7815,345176
7816,345060
7817,345141
7818,338266
7819,343571
7820,346477
7821,343994
7822,347424
7824,339180
7825,326299
7826,344769
7827,346163
7828,338678
7829,346239
7830,347248
7831,346397
7832,347226
7833,310315
7834,341278
7835,343776
7836,343379
7837,346093
7838,343926
7840,344541
7841,341669
7843,343258
7844,339144
7845,345742
7846,344609
7848,332635
7849,335093
7850,344229
7852,344219
7853,340246
7854,342744
7855,345685
7856,344133
7857,343757
7858,346032
7860,345936
7861,329823
7862,330331
7863,343887
7864,340476
7865,340309
7867,341439
7868,322451
7869,329725
7870,342334
7871,345697
7872,345692
7873,343498
7874,338740
7875,342781
7876,345577
7877,342938
7879,342775
7880,344317
7881,342902
7883,342946
7884,339641
7886,342806
7888,309557
7889,329822
7891,341863
7892,341753
7893,342251
7894,337518
7895,326528
7896,342674
7897,341582
7898,321713
7899,342967
7900,341799
7901,337027
7902,339471
7903,341027
7905,342722
7906,337079
7907,340579
7908,326132
7909,341029
7910,342662
7911,340886
7913,338534
7914,333022
7915,340286
7916,342819
7917,343326
7918,338139
7919,340721
7920,340821
7921,342921
7922,339781
7923,339220
7924,339233
7925,342657
7926,342922
7928,327099
7929,340501
7930,338965
7931,342908
7932,309692
7933,310419
7934,339081
7935,341851
7936,335965
7937,341767
7938,342434
7939,339651
7940,327234
7941,337040
7942,334474
7944,342464
7945,338757
7946,338741
7947,333708
7948,339033
7949,338047
7951,338959
7952,324460
7953,329004
7954,333740
7955,331088
7957,337667
7958,338761
7959,336250
7960,338644
7961,332832
7962,337800
7963,330533
7964,333634
7965,337793
7966,335810
7967,302301
7968,338564
7969,338615
7970,338567
7984,326600
7990,331042
7997,332648
8005,327913
8007,332259
8010,333709
8015,333181
8016,333188
8020,335236
8021,326123
8023,333749
8024,334484
8027,334050
8030,334025
8031,334319
8032,322911
8039,333174
8043,329843
8048,332843
8050,333274
8051,327064
8052,333302
8053,313914
8055,330352
8057,329768
8064,328910
8065,329027
8069,328260
8073,325361
8076,328589
8079,328758
8085,328494
8087,331120
8088,308487
8093,331087
8094,329015
8104,318047
8115,329608
8117,319863
8120,322160
8124,326081
8125,293386
8142,305626
8151,322057
8183,301929
8184,317346
8185,316789
8186,319171
8187,314468
8191,309880
8193,304534
8196,314682
8197,230703
8198,316468
8199,308583
8201,297261
8203,293886
8204,308133
8205,309877
8206,312189
8207,312337
8208,315338
8210,308023
8212,314878
8216,312700
8217,312211
8218,309722
8219,311043
8220,309359
8222,305747
8223,308337
8224,310264
8226,305595
8227,308312
8228,305704
8229,308147
8230,308051
8231,308987
8232,308000
8233,310381
8234,310637
8235,309033
8236,308956
8237,308979
8239,309784
8240,304799
8241,306884
8242,304893
8243,307131
8245,306925
8246,306882
8247,306175
8248,303747
8249,303669
8250,303565
8251,299828
8252,305648
8253,298720
8254,301615
8255,305002
8256,302672
8257,302747
8258,302600
8259,300362
8260,305039
8261,306523
8262,267759
8263,305711
8264,305898
8265,247757
8266,301730
8267,306753
8268,287473
8269,303984
8271,294660
8272,301085
8273,287027
8274,305433
8275,305880
8276,305793
8277,306343
8278,306158
8279,284106
8280,304583
8281,301904
8282,298657
8283,302210
8284,302158
8285,305332
8286,294614
8287,301937
8288,304680
8289,301778
8290,305638
8291,301713
8292,299177
8293,304983
8294,305896
8295,303635
8296,304384
8297,301470
8298,300887
8299,258072
8300,301411
8302,303824
8303,302649
8304,271299
8305,255433
8306,305489
8307,300476
8308,305581
8309,303555
8310,304742
8311,305071
8312,304931
8313,294489
8314,302598
8315,303852
8316,302390
8317,303521
8318,300143
8319,304110
8320,303819
8321,300014
8322,293581
8323,302897
8324,300161
8325,300173
8326,300725
8327,300518
8329,300189
8330,296720
8331,302347
8332,298386
8333,293368
8334,299835
8335,254061
8336,298937
8337,298887
8338,297374
8339,295545
8340,295717
8341,261595
8342,270940
8343,279171
8344,299445
8345,297505
8346,297081
8347,295622
8348,291771
8349,251760
8350,297467
8351,299125
8352,284906
8353,297935
8354,298033
8355,254023
8356,293274
8357,298010
8358,294675
8359,293644
8360,294510
8361,293866
8362,293683
8363,296323
8364,294543
8365,289043
8366,285363
8367,291358
8368,272545
8369,288603
8370,291567
8371,290479
8372,265620
8373,288634
8374,289546
8375,286584
8376,265417
8377,290409
8378,287922
8379,277926
8380,277156
8381,289166
8382,281583
8383,288529
8384,287090
8385,287973
8386,286479
8387,289495
8388,271643
8389,282894
8390,288297
8391,282953
8392,282514
8393,283413
8394,255354
8395,265513
8396,280057
8397,285199
8398,284753
8399,272717
8400,271268
8401,280951
8402,277506
8403,280941
8404,280642
8405,262681
8406,274383
8407,284507
8408,277274
8409,276496
8410,271376
8411,281006
8412,277405
8413,255610
8414,260139
8415,261786
8416,264889
8417,259563
8418,260120
8419,254798
8420,255763
8421,258997
8422,237610
8423,261084
8424,252270
8425,258784
8426,249286
8427,250680
8428,247870
8429,263447
8430,249248
8431,257916
8432,249965
8433,236480
8434,250674
8435,255727
8436,244265
8437,251941
8438,251097
8439,255729
8440,249204
8441,251197
8442,245579
8443,249597
8444,251720
8445,240209
8446,250272
8447,250621
8448,250397
8449,251607
8450,251687
8451,250586
8452,251712
8453,251770
8454,249957
8455,250583
8456,249870
8457,251011
8458,251890
8459,252495
8460,251697
8461,251793
8462,252360
8463,251884
8464,251787
8465,252061
8466,251709
8467,246339
8468,251908
8469,251469
8470,251613
8471,251445
8472,251423
8473,251358
8474,251401
8475,251371
8476,251260
8477,251221
8478,250940
8479,250707
8480,250693
8481,250678
8482,250634
8483,250597
8484,250604
8485,250579
8486,250566
8487,250559
8488,250502
8489,250218
8490,250211
8491,244030
8492,250167
8493,250160
8494,248050
8495,249984
8496,247621
8497,249887
8498,239562
8499,249839
8500,249128
8501,249573
8502,249554
8503,249550
8504,249513
8505,249489
8506,249234
8507,249253
8508,249394
8509,249362
8510,249199
8511,249287
8512,249222
8513,249225
8514,249142
8515,249209
8516,249179
8517,249173
8518,249165
8519,249155
8520,245973
8521,249089
8522,249027
8523,249012
8524,248943
8525,248405
8526,248828
8527,248803
8528,248412
8529,248784
8530,243911
8531,248414
8532,248423
8533,248424
8534,248627
8535,248249
8536,248609
8537,247635
8538,248447
8539,248474
8540,248461
8541,248280
8542,245257
8543,247192
8544,248044
8545,248189
8546,247216
8547,247763
8548,248144
8549,247226
8550,248085
8551,239240
8552,248125
8553,247917
8554,247641
8555,247839
8556,247263
8557,247721
8558,247984
8559,247294
8560,247520
8561,246884
8562,246885
8563,247524
8564,247525
8565,245766
8566,247080
8567,243130
8568,246871
8569,247296
8570,245602
8571,247485
8572,247715
8573,247394
8574,243844
8575,238248
8576,247438
8577,247235
8578,246321
8579,244118
8580,247160
8581,247282
8582,246330
8583,242910
8584,240137
8585,236365
8586,246596
8587,246696
8588,241900
8589,240111
8590,241369
8591,241304
8592,240890
8593,240869
8594,240668
8595,240607
8596,240160
8597,240576
8598,239883
8599,238160
8600,240033
8601,238637
8602,239739
8603,237317
8604,332678
8605,329014
8606,332550
8607,331436
8608,331675
8609,331455
8610,331630
8611,330694
